,age,serveTime,credLimit,Loan,SalPerY,holdCard,Career
3448,30,,300000,1,100000,0,2
3468,29,,250000,1,100000,0,2
3214,29,12,180000,,100000,0,2
2598,24,,130000,,100000,0,3
1611,,36,60000,0,100000,0,1
665,20,12,20000,0,100000,0,1
1511,24,12,20000,0,100000,0,1
1520,25,12,20000,,100000,0,1
1549,20,,20000,0,100000,0,1
1568,22,,20000,0,100000,0,1
1583,24,,20000,1,100000,0,1
2498,25,18,20000,0,100000,1,1
2695,21,,20000,0,100000,1,1
3319,21,36,20000,0,100000,0,2
3516,,,20000,,110000,1,2
2132,22,3,60000,0,120000,0,2
3058,,12,60000,0,120000,0,2
3059,,12,60000,0,120000,0,2
1257,25,3,50000,,120000,0,1
2751,22,2,50000,0,120000,0,2
1309,22,0,30000,,120000,0,2
2131,25,2,30000,0,120000,1,2
335,22,,20000,0,120000,1,2
619,21,24,20000,0,120000,1,2
1567,,,20000,0,120000,0,1
1601,20,3,20000,,120000,0,1
1625,22,36,20000,0,120000,0,1
1853,22,36,20000,1,120000,0,2
1950,22,6,20000,0,120000,0,2
2141,25,0,20000,0,120000,0,2
2475,20,,20000,0,120000,0,1
3347,21,,20000,0,120000,0,1
3354,22,,20000,1,120000,0,1
787,25,8,20000,1,130000,0,2
1188,25,9,20000,0,130000,0,2
1604,22,3,20000,0,130000,0,2
1657,21,,20000,,130000,0,1
2136,28,8,20000,0,130000,0,2
2137,28,8,20000,0,130000,0,2
155,23,14,30000,0,140000,0,2
1523,23,17,20000,1,140000,1,2
1002,21,24,20000,0,149000,1,1
2133,25,3,60000,0,150000,0,2
1245,25,4,50000,0,150000,0,3
287,25,25,20000,0,150000,1,2
872,20,19,20000,0,150000,0,1
1307,22,12,20000,0,150000,0,1
1509,20,24,20000,0,150000,0,1
1515,21,3,20000,0,150000,0,1
1518,20,12,20000,0,150000,1,1
1524,26,24,20000,0,150000,0,1
1576,24,,20000,1,150000,0,1
1580,20,,20000,0,150000,0,1
1582,21,,20000,1,150000,0,1
1600,22,11,20000,3,150000,0,1
1610,22,3,20000,1,150000,0,1
1623,22,7,20000,1,150000,0,1
1747,23,3,20000,0,150000,1,1
2139,,3,20000,0,150000,0,2
2479,20,24,20000,0,150000,1,1
2685,20,24,20000,0,150000,1,1
2772,20,6,20000,0,150000,1,2
3188,,11,20000,0,150000,0,1
3466,22,,20000,0,150000,0,2
3490,20,24,20000,0,150000,0,2
3492,20,24,20000,0,150000,0,1
3507,21,3,20000,0,150000,0,1
3513,20,,20000,0,150000,0,2
3527,22,1,20000,0,150000,0,2
1566,21,0,20000,0,170000,0,1
1619,25,36,30000,,180000,0,1
3233,23,,30000,,180000,0,2
799,21,6,20000,0,180000,1,1
1516,21,6,20000,0,180000,0,2
1921,,24,20000,0,180000,0,1
1960,20,3,20000,,180000,0,1
2730,22,,20000,1,180000,0,2
1231,24,7,70000,1,200000,0,1
1537,24,,70000,,200000,0,1
1585,21,5,70000,,200000,0,1
2599,31,72,70000,,200000,0,2
666,24,,60000,0,200000,0,2
3261,,17,60000,0,200000,1,1
2027,22,12,50000,,200000,0,2
2138,26,10,50000,0,200000,0,2
152,23,1,30000,,200000,0,1
1771,,,30000,0,200000,0,3
1927,28,120,30000,0,200000,0,2
2588,28,120,30000,0,200000,0,2
3313,23,1,30000,,200000,0,1
31,20,,20000,0,200000,0,1
96,20,,20000,1,200000,1,1
305,20,16,20000,0,200000,0,1
606,21,,20000,0,200000,1,1
734,20,8,20000,0,200000,0,1
871,23,0,20000,1,200000,1,1
1243,24,8,20000,3,200000,1,2
1321,,24,20000,0,200000,1,2
1348,22,12,20000,,200000,0,1
1502,21,12,20000,,200000,0,1
1508,24,18,20000,0,200000,0,2
1514,20,9,20000,0,200000,1,2
1527,20,24,20000,0,200000,0,1
1528,22,24,20000,0,200000,0,1
1529,21,,20000,,200000,0,1
1530,20,24,20000,0,200000,0,1
1553,21,6,20000,3,200000,0,2
1561,20,,20000,0,200000,0,2
1562,21,1,20000,0,200000,0,1
1590,,,20000,0,200000,0,1
1591,21,6,20000,0,200000,0,1
1593,22,15,20000,0,200000,1,4
1602,21,9,20000,0,200000,0,1
1612,,12,20000,0,200000,0,1
1613,,18,20000,0,200000,1,1
1920,22,12,20000,1,200000,0,1
2480,,24,20000,0,200000,1,1
2531,23,0,20000,0,200000,1,1
2562,20,12,20000,3,200000,0,1
3007,20,6,20000,0,200000,0,2
3178,21,3,20000,,200000,0,2
3263,20,12,20000,0,200000,1,1
3455,22,,20000,0,200000,0,1
3489,20,12,20000,,200000,0,1
1878,27,6,71000,0,220000,0,2
1108,,2,50000,0,220000,1,2
3523,,,50000,0,220000,0,2
1074,20,24,20000,0,220000,0,2
1533,24,0,20000,0,220000,1,2
1609,,8,20000,1,220000,0,1
2996,20,2,20000,1,220000,0,1
3005,20,48,20000,3,220000,1,1
3191,21,,20000,,220000,0,1
3402,20,5,20000,0,220000,1,2
1043,26,36,50000,0,230000,0,1
313,26,36,45000,0,230000,1,2
2435,26,24,30000,0,230000,1,2
911,20,12,20000,0,230000,0,2
1242,21,0,20000,0,230000,0,1
3176,21,12,20000,0,230000,1,1
3518,22,3,20000,1,230000,1,1
2590,33,12,130000,,240000,0,2
1405,33,,100000,,240000,0,2
1270,24,14,60000,0,240000,0,3
776,24,0,50000,0,240000,0,2
803,25,,50000,1,240000,1,2
1253,24,0,50000,,240000,1,2
1254,24,0,50000,,240000,1,2
3379,,1,50000,,240000,1,2
849,24,10,30000,3,240000,0,3
991,20,4,20000,0,240000,0,1
1538,20,,20000,0,240000,1,1
1607,20,8,20000,0,240000,0,1
723,30,,200000,0,250000,1,2
1697,56,,150000,0,250000,1,2
1871,22,1,91000,1,250000,0,2
2545,27,24,80000,1,250000,0,2
3384,,,74000,0,250000,0,2
2546,24,8,70000,1,250000,1,2
3422,21,17,65000,,250000,0,2
541,22,12,30000,0,250000,0,2
1725,23,12,30000,,250000,0,2
844,22,5,20000,1,250000,0,1
865,22,12,20000,0,250000,1,2
1539,21,12,20000,0,250000,0,1
1570,20,12,20000,0,250000,0,1
1924,21,24,20000,0,250000,1,1
2186,25,,20000,0,250000,0,1
2752,23,1278,20000,0,250000,1,2
3472,20,,20000,,250000,0,1
2,22,,20000,,260000,0,1
1572,23,11,20000,0,260000,0,2
1899,21,36,20000,0,260000,0,1
3501,23,,20000,0,260000,0,2
3366,27,,264000,0,264000,1,2
1519,24,24,20000,1,264000,0,1
3320,22,,50000,0,270000,0,4
1784,27,,30000,0,270000,0,2
227,21,,20000,0,270000,0,1
477,21,,20000,0,270000,1,1
933,21,12,20000,0,270000,1,2
2600,27,2,100000,0,280000,1,2
3360,20,,65000,3,280000,0,2
1943,20,0,30000,1,280000,0,2
2323,30,13,100000,0,290000,0,2
1323,31,72,270000,0,300000,1,2
1386,40,240,200000,2,300000,0,4
2028,23,12,152000,,300000,0,2
779,28,0,150000,0,300000,0,2
1252,34,5,150000,0,300000,0,2
2109,28,24,140000,3,300000,0,2
2526,25,,130000,0,300000,1,2
2559,28,,130000,0,300000,1,2
2615,28,,130000,,300000,1,2
2716,26,28,130000,0,300000,0,2
1940,,5,120000,0,300000,0,2
2470,25,3,120000,,300000,1,2
999,25,0,110000,0,300000,1,2
2449,31,,110000,,300000,0,2
1649,22,3,105000,0,300000,0,4
1938,29,3,102000,0,300000,0,2
345,23,5,100000,0,300000,0,4
491,22,13,100000,0,300000,0,2
572,25,,100000,0,300000,1,2
641,25,8,100000,0,300000,1,2
781,25,8,100000,0,300000,0,2
852,30,36,100000,0,300000,1,2
1176,26,5,100000,0,300000,1,2
1212,33,96,100000,0,300000,1,2
1328,,10,100000,0,300000,1,2
1790,26,4,100000,0,300000,0,2
2234,22,8,100000,0,300000,1,4
2774,25,12,100000,0,300000,1,2
3182,33,96,100000,0,300000,1,2
421,,2,90000,0,300000,0,2
1875,23,1,89000,1,300000,0,2
1879,23,3,83000,1,300000,0,2
1225,24,,80000,1,300000,1,2
1855,24,0,80000,0,300000,0,3
1919,26,0,80000,0,300000,0,2
3289,24,3,71000,0,300000,0,2
1264,29,2,70000,0,300000,1,2
1801,24,12,70000,0,300000,0,2
1828,26,24,70000,0,300000,0,2
1935,20,12,70000,,300000,0,2
2272,28,36,70000,1,300000,1,3
123,24,12,60000,0,300000,0,2
341,23,7,60000,3,300000,1,2
898,22,48,60000,,300000,1,2
1316,22,,60000,1,300000,0,2
1565,24,12,60000,0,300000,0,1
1812,28,60,60000,0,300000,0,2
1815,24,11,60000,1,300000,0,2
1929,,1,60000,0,300000,0,2
1987,28,,60000,,300000,1,2
2556,25,3,60000,0,300000,1,2
2765,21,12,60000,0,300000,0,2
3166,23,3,60000,0,300000,0,2
130,23,9,50000,,300000,1,2
132,23,0,50000,,300000,1,2
224,26,60,50000,0,300000,1,2
602,27,48,50000,0,300000,0,2
754,28,24,50000,3,300000,1,2
921,25,1,50000,0,300000,0,2
979,24,6,50000,0,300000,1,2
1293,23,,50000,0,300000,1,1
1578,22,12,50000,0,300000,0,1
1756,23,,50000,0,300000,0,3
1802,,0,50000,0,300000,0,2
2577,28,36,50000,1,300000,0,2
3266,23,6,50000,0,300000,0,2
3359,23,,50000,1,300000,0,2
3442,25,,50000,,300000,0,2
1241,24,15,40000,1,300000,0,2
3051,23,,40000,0,300000,1,1
471,25,1,33000,0,300000,0,2
526,23,5,30000,0,300000,1,2
851,22,0,30000,,300000,0,2
1289,26,15,30000,0,300000,1,2
1322,25,8,30000,0,300000,0,2
2544,25,24,30000,0,300000,0,2
3192,23,12,30000,,300000,0,1
3419,22,,30000,0,300000,1,2
3449,21,22,30000,0,300000,0,2
77,21,13,20000,0,300000,1,2
115,20,,20000,0,300000,0,1
380,21,,20000,0,300000,0,1
396,22,48,20000,0,300000,1,2
798,23,12,20000,0,300000,1,1
1346,20,,20000,0,300000,0,1
1355,21,13,20000,1,300000,1,2
1517,22,36,20000,1,300000,1,2
1534,21,1,20000,,300000,0,2
1556,,,20000,0,300000,0,1
1652,23,12,20000,1,300000,0,2
1909,23,2,20000,0,300000,0,2
1967,21,36,20000,0,300000,0,2
2501,22,,20000,0,300000,1,1
2613,21,4,20000,1,300000,0,2
3104,22,12,20000,1,300000,1,2
3327,20,1,20000,0,300000,0,2
3400,22,10,20000,,300000,0,1
3485,22,,20000,3,300000,0,1
3356,23,,100000,1,310000,0,2
2525,24,6,50000,0,310000,1,2
3146,23,3,50000,1,310000,0,1
3357,22,,50000,0,312000,0,1
1823,23,8,130000,0,320000,0,2
886,,7,120000,0,320000,0,2
1154,32,12,100000,3,320000,1,2
1817,23,8,100000,0,320000,0,2
3113,27,1,100000,0,320000,1,2
391,24,4,95000,1,320000,1,2
934,23,3,80000,0,320000,0,2
3084,21,16,80000,2,320000,1,2
43,22,3,70000,1,320000,1,2
959,24,24,60000,1,320000,1,2
329,23,2,50000,0,320000,1,2
1627,,36,50000,0,320000,1,2
1645,,36,50000,0,320000,0,2
3463,22,,50000,,320000,0,1
3268,23,36,40000,1,320000,1,2
1830,20,8,30000,0,320000,0,2
2222,24,12,20000,3,320000,0,2
1748,24,5,90000,0,324000,0,4
1791,24,4,50000,0,324000,0,4
3316,21,2,330000,1,330000,0,1
571,32,12,100000,3,330000,1,2
1639,23,0,95000,1,330000,0,2
750,22,14,60000,0,330000,0,2
1025,23,24,60000,0,330000,0,2
542,23,7,50000,0,330000,1,2
1694,24,2,50000,0,330000,1,4
2922,23,48,50000,0,330000,1,2
3336,,0,50000,1,330000,0,2
920,21,26,20000,0,330000,1,2
3364,21,2,20000,,330000,0,2
3494,,,20000,1,330000,0,2
344,25,38,145000,0,340000,0,2
136,30,7,80000,0,340000,1,2
626,27,0,60000,0,340000,1,2
1911,23,14,20000,1,340000,0,1
3307,23,1,350000,0,350000,1,2
687,27,12,150000,0,350000,1,2
2520,25,19,150000,1,350000,1,2
1868,22,4,129000,0,350000,0,2
2960,23,21,119000,0,350000,0,3
2994,25,6,115000,1,350000,0,2
1874,23,9,110000,0,350000,0,2
2493,24,24,100000,1,350000,1,2
2496,23,12,100000,0,350000,1,2
2771,29,24,100000,,350000,0,2
3333,22,,100000,,350000,0,2
2982,24,8,92000,1,350000,0,2
2981,22,4,90000,0,350000,1,2
3015,25,36,87000,0,350000,0,2
546,28,22,80000,0,350000,1,2
568,26,16,80000,0,350000,1,2
1966,,12,75000,0,350000,0,2
1948,23,11,70000,1,350000,0,2
2894,24,24,68000,1,350000,1,2
1244,30,12,60000,1,350000,1,2
1337,24,13,60000,0,350000,0,2
1723,25,,60000,,350000,0,2
2153,25,10,60000,0,350000,0,2
3370,23,,60000,,350000,0,2
393,23,5,50000,0,350000,1,2
528,27,0,50000,3,350000,0,2
887,25,8,50000,0,350000,0,3
3151,27,12,50000,,350000,0,2
210,22,12,30000,1,350000,0,2
943,24,1,30000,0,350000,1,2
1713,23,0,30000,0,350000,0,3
1763,23,20,30000,0,350000,0,2
1443,21,2,20000,0,350000,1,2
1444,21,2,20000,0,350000,1,2
2569,22,,20000,,352019,0,1
945,31,72,220000,0,360000,1,2
1248,25,36,210000,0,360000,0,4
3150,22,13,200000,0,360000,1,3
3462,23,,150000,0,360000,0,2
3,,,150000,2,360000,1,2
67,29,16,150000,3,360000,1,2
2151,23,9,150000,0,360000,1,2
2542,35,24,130000,,360000,1,2
3199,23,10,120000,0,360000,0,2
1689,24,0,110000,0,360000,1,2
92,28,10,100000,0,360000,0,2
3076,24,2,100000,0,360000,0,2
1155,25,2,91000,1,360000,0,2
640,21,3,90000,0,360000,1,2
508,27,,80000,0,360000,0,2
514,30,,80000,0,360000,0,2
712,25,3,80000,0,360000,0,2
925,27,,80000,0,360000,0,2
2832,22,0,80000,0,360000,1,2
3362,23,,80000,0,360000,1,2
1843,23,6,70000,1,360000,0,2
293,25,7,60000,1,360000,0,2
1821,27,5,60000,0,360000,0,2
1829,23,4,60000,0,360000,0,2
1846,24,9,60000,0,360000,0,2
1897,24,12,60000,1,360000,0,3
3285,20,36,60000,0,360000,0,2
3299,22,6,60000,,360000,0,2
522,28,0,50000,0,360000,0,2
632,25,12,50000,0,360000,0,2
667,22,,50000,0,360000,0,2
1238,24,12,50000,,360000,1,2
1510,25,24,50000,0,360000,1,1
1603,22,8,50000,1,360000,0,4
1854,20,13,50000,,360000,0,1
668,23,60,30000,0,360000,1,2
1884,26,24,30000,0,360000,0,2
1906,23,10,30000,0,360000,0,2
1989,,36,30000,1,360000,1,2
309,32,11,25000,0,360000,1,2
561,23,30,20000,0,360000,1,4
992,23,30,20000,0,360000,1,4
1951,,,20000,0,360000,1,3
1901,,4,130000,0,370000,0,3
1700,36,72,100000,,370000,0,2
3221,26,,180000,0,380000,1,2
3256,24,5,130000,0,380000,0,2
151,29,72,120000,2,380000,1,2
2514,24,6,110000,0,380000,0,2
3278,24,5,100000,0,380000,0,2
1462,27,9,81000,0,380000,0,3
2080,26,24,81000,0,380000,1,2
720,33,29,70000,0,380000,0,2
1718,31,36,50000,0,380000,0,2
2334,25,15,50000,0,380000,1,2
3201,23,1,110000,0,390000,0,2
1816,23,,60000,1,390000,0,2
1916,25,6,60000,0,390000,0,2
1642,22,10,50000,1,390000,0,4
1577,23,,20000,1,390000,0,1
75,27,,565000,0,400000,1,2
1157,,6,400000,0,400000,1,4
2257,30,12,400000,0,400000,0,2
141,25,24,360000,0,400000,0,2
304,,,210000,0,400000,0,2
2712,,8,200000,0,400000,1,2
2952,28,6,196000,0,400000,1,2
1345,25,0,190000,0,400000,0,2
1156,25,11,180000,,400000,0,2
1727,28,2,180000,0,400000,0,2
2444,25,23,170000,,400000,0,2
3346,24,,170000,0,400000,1,3
2939,24,3,169000,0,400000,0,2
1040,23,2,160000,,400000,0,2
1114,28,16,160000,0,400000,1,2
3017,25,3,150000,0,400000,0,3
1007,30,96,150000,0,400000,1,2
1892,28,15,150000,0,400000,0,2
2265,31,60,150000,,400000,0,2
2692,35,1,150000,,400000,0,2
3101,29,72,150000,0,400000,1,2
2811,45,3,141000,0,400000,1,2
473,25,16,140000,0,400000,1,2
609,22,3,140000,1,400000,1,2
2149,26,21,140000,0,400000,0,3
2883,24,,140000,0,400000,1,2
3171,24,9,140000,0,400000,1,2
972,28,34,130000,0,400000,1,2
1005,35,58,130000,3,400000,0,2
1047,27,33,130000,,400000,1,2
2735,25,11,130000,,400000,0,2
3140,25,12,130000,0,400000,1,3
3185,21,27,130000,0,400000,1,2
2962,28,14,127000,0,400000,0,2
2930,23,4,123000,0,400000,1,2
279,23,2,120000,0,400000,0,2
861,27,3,120000,0,400000,0,4
867,23,4,120000,0,400000,0,2
984,27,16,120000,0,400000,1,3
1247,27,0,120000,0,400000,0,2
1632,24,4,120000,1,400000,0,2
2241,29,84,120000,,400000,0,2
448,29,2,116000,0,400000,1,2
363,22,0,115000,1,400000,0,2
1722,24,39,115000,0,400000,0,2
2107,28,,115000,,400000,1,2
2984,25,,115000,0,400000,0,2
131,23,9,110000,1,400000,1,2
1741,23,6,110000,0,400000,0,4
3133,36,96,110000,2,400000,1,2
3211,27,16,110000,0,400000,0,2
3260,,24,110000,0,400000,1,2
1638,24,3,105000,1,400000,0,2
3521,22,,100000,0,400000,0,2
68,23,26,100000,0,400000,0,2
412,28,15,100000,0,400000,1,2
863,36,72,100000,0,400000,1,2
1336,32,36,100000,0,400000,1,2
1429,28,24,100000,1,400000,0,2
1486,22,39,100000,,400000,0,2
1783,24,2,100000,0,400000,0,2
2174,24,2,100000,0,400000,0,2
2284,34,36,100000,3,400000,1,4
2305,30,9,100000,,400000,1,2
2405,30,48,100000,0,400000,1,2
2576,25,4,100000,0,400000,1,2
2698,25,24,100000,1,400000,0,2
2885,24,,100000,0,400000,1,2
3039,29,12,100000,0,400000,0,2
3102,23,1,100000,0,400000,0,3
3301,,3,100000,,400000,0,3
1738,,1,95000,0,400000,0,2
3027,21,12,94000,2,400000,0,2
3219,,0,86000,1,400000,1,2
1044,24,8,84000,0,400000,1,2
2770,30,60,83000,3,400000,0,2
593,26,36,80000,0,400000,1,2
697,24,348,80000,1,400000,1,2
790,22,7,80000,0,400000,1,2
869,23,4,80000,1,400000,0,2
876,23,3,80000,1,400000,1,2
1102,30,84,80000,3,400000,1,2
1234,39,29,80000,3,400000,1,3
1617,,48,80000,0,400000,0,1
1732,23,4,80000,0,400000,0,2
1862,31,72,80000,0,400000,0,2
2155,25,10,80000,0,400000,0,2
2467,31,0,80000,,400000,0,4
2478,25,15,80000,,400000,0,2
2564,25,1,80000,0,400000,0,3
2718,25,36,80000,3,400000,1,2
2750,24,12,80000,,400000,0,2
2773,23,12,80000,,400000,1,2
3022,39,24,80000,0,400000,1,3
3186,21,18,80000,0,400000,1,2
3205,25,12,80000,0,400000,0,2
3257,22,5,80000,0,400000,0,2
2077,23,24,72000,1,400000,1,2
2978,23,3,70000,1,400000,0,2
15,26,12,70000,0,400000,1,3
1178,25,4,70000,,400000,0,2
1629,23,1,70000,1,400000,0,2
1903,25,28,70000,0,400000,0,2
1956,31,6,70000,0,400000,0,2
3483,,24,70000,1,400000,0,4
3524,24,,70000,1,400000,1,4
36,23,5,60000,0,400000,0,4
205,25,3,60000,0,400000,0,3
447,22,1,60000,0,400000,0,2
540,24,4,60000,0,400000,1,2
768,27,,60000,0,400000,0,2
788,25,4,60000,1,400000,0,2
838,33,72,60000,,400000,1,2
873,,19,60000,0,400000,0,2
1120,23,10,60000,0,400000,0,2
1276,27,17,60000,0,400000,0,4
1317,25,0,60000,0,400000,0,3
1354,36,24,60000,,400000,0,2
1397,27,12,60000,0,400000,0,2
1712,27,24,60000,0,400000,0,2
1762,22,7,60000,1,400000,0,2
1832,32,24,60000,0,400000,0,3
2129,,120,60000,3,400000,0,2
2869,27,24,60000,,400000,1,3
3265,,3,60000,1,400000,0,2
3330,23,4,60000,1,400000,0,2
42,,4,50000,0,400000,0,2
201,23,2,50000,0,400000,0,3
658,22,0,50000,0,400000,0,2
800,22,20,50000,0,400000,0,2
807,25,4,50000,0,400000,0,3
919,25,17,50000,1,400000,0,2
998,27,3,50000,0,400000,1,2
1233,25,12,50000,0,400000,0,2
1236,29,24,50000,0,400000,1,2
1343,24,24,50000,0,400000,0,2
1367,23,3,50000,,400000,0,2
1368,28,18,50000,1,400000,0,2
1793,22,24,50000,0,400000,0,2
1882,,4,50000,0,400000,0,3
2002,,36,50000,0,400000,1,2
2858,33,10,50000,,400000,0,2
2872,24,1,50000,0,400000,1,2
3035,28,24,50000,1,400000,1,2
3187,23,6,50000,1,400000,0,2
3197,28,24,50000,0,400000,0,2
94,20,16,40000,,400000,0,2
166,28,,40000,3,400000,0,2
1324,22,5,40000,0,400000,0,2
322,25,3,30000,0,400000,1,4
1268,26,24,30000,,400000,0,2
1573,22,12,30000,0,400000,1,2
1861,20,9,30000,3,400000,0,2
3045,26,3,30000,0,400000,1,2
3046,26,3,30000,0,400000,1,2
3198,23,4,30000,0,400000,0,2
3273,26,2,30000,0,400000,0,2
3378,,,30000,,400000,0,3
3381,,18,30000,0,400000,0,2
3413,23,4,30000,0,400000,1,2
3491,23,,30000,0,400000,0,2
1213,28,24,20000,1,400000,1,2
1588,20,60,20000,0,400000,1,1
1615,21,24,20000,0,400000,1,1
1616,21,24,20000,0,400000,1,1
2424,21,24,20000,0,400000,1,1
2889,26,15,20000,1,400000,0,2
2957,24,15,20000,1,400000,0,2
3010,24,6,20000,0,400000,1,4
3029,33,36,20000,0,400000,1,2
3054,21,36,20000,,400000,0,1
3361,20,,20000,0,400000,0,1
2190,,,150000,0,410000,1,4
592,30,24,100000,0,410000,0,2
487,27,,60000,1,410000,1,2
859,28,36,50000,0,410000,0,2
2649,,47,450000,0,415000,1,2
3445,24,,420000,0,420000,1,2
704,30,36,200000,0,420000,1,2
2583,30,84,200000,,420000,0,2
2822,36,,200000,0,420000,1,2
2941,24,12,189000,3,420000,0,2
3522,24,2,170000,0,420000,0,4
180,23,12,150000,0,420000,1,3
207,23,12,150000,0,420000,1,3
1889,23,6,150000,1,420000,0,2
2164,23,12,150000,0,420000,1,3
2170,23,12,150000,0,420000,1,3
2477,23,12,150000,0,420000,1,3
3118,23,12,150000,0,420000,1,3
3123,23,12,150000,0,420000,1,3
3236,25,3,150000,,420000,0,2
1647,24,3,140000,1,420000,0,2
2955,24,12,130000,0,420000,0,2
1484,22,,120000,0,420000,0,2
2976,24,1,116000,1,420000,0,2
1785,28,2,110000,0,420000,0,2
432,24,13,100000,0,420000,0,2
591,39,0,100000,0,420000,0,2
1687,26,36,100000,,420000,0,2
1908,,,100000,0,420000,0,3
2223,26,36,100000,,420000,0,2
2603,26,36,100000,,420000,0,2
3453,24,2,90000,0,420000,0,2
576,26,12,80000,0,420000,1,2
2439,24,12,80000,,420000,0,2
1798,22,2,70000,0,420000,0,2
1260,27,0,60000,1,420000,0,2
3167,26,7,60000,,420000,0,2
1834,28,15,50000,0,420000,0,2
752,22,2,40000,0,420000,0,2
562,,48,180000,0,430000,1,2
1485,23,,150000,0,430000,0,2
1633,23,12,150000,1,430000,1,3
2709,,26,150000,0,430000,0,2
2970,30,8,131000,0,430000,1,2
3283,,24,120000,,430000,1,2
3110,,60,110000,2,430000,1,2
1305,,48,80000,0,430000,1,2
2729,,1,80000,0,430000,0,2
1262,23,17,60000,1,430000,1,2
2425,24,37,50000,0,430000,0,4
1831,24,4,30000,0,430000,0,2
3210,43,13,10000,0,431000,0,2
1180,33,60,170000,,440000,0,2
32,27,36,100000,,440000,0,2
900,22,1,50000,0,440000,0,2
2635,,48,300000,,450000,1,2
3324,30,36,300000,,450000,0,2
773,33,48,210000,0,450000,1,2
1304,,24,210000,0,450000,0,2
1198,,48,200000,,450000,1,2
2535,31,24,200000,,450000,0,2
2681,26,0,200000,0,450000,1,2
1030,33,120,190000,,450000,1,2
39,26,36,180000,0,450000,1,2
1944,34,6,180000,,450000,0,2
2307,29,24,180000,0,450000,1,3
3115,23,,180000,0,450000,0,3
525,28,36,150000,0,450000,1,2
823,24,12,150000,0,450000,0,2
847,24,10,150000,3,450000,0,2
977,35,72,150000,0,450000,0,2
1679,31,24,150000,,450000,0,2
2243,26,36,150000,,450000,0,2
2445,32,6,150000,,450000,0,2
2453,33,7,150000,,450000,0,2
1415,,36,140000,,450000,1,2
2009,31,72,140000,0,450000,1,2
3013,22,7,136000,0,450000,1,2
334,24,22,120000,1,450000,1,2
353,23,28,120000,1,450000,1,2
1918,32,60,120000,0,450000,0,2
1279,,25,110000,0,450000,1,2
2469,27,20,110000,3,450000,1,4
3383,,12,110000,,450000,1,2
3025,,,107000,,450000,0,2
84,21,24,100000,0,450000,1,2
574,23,12,100000,0,450000,1,4
840,30,,100000,0,450000,0,2
1087,23,7,100000,0,450000,0,2
1675,23,8,100000,0,450000,0,3
1936,25,1,100000,,450000,0,2
1963,31,0,100000,,450000,0,4
2224,24,5,100000,,450000,0,2
2377,,54,100000,3,450000,0,2
2604,29,37,100000,,450000,0,3
2605,23,4,100000,,450000,0,2
3145,25,11,100000,0,450000,1,1
3497,24,,100000,1,450000,0,2
1648,23,12,90000,1,450000,0,2
2392,26,24,90000,0,450000,1,2
2816,26,24,90000,0,450000,1,2
1190,22,3,88000,1,450000,1,2
270,26,12,80000,0,450000,1,2
709,26,12,80000,0,450000,1,2
1128,,36,80000,0,450000,0,2
1698,33,,80000,2,450000,1,2
5,,48,60000,0,450000,0,2
325,,0,60000,,450000,0,2
436,25,36,60000,3,450000,0,1
596,30,15,60000,0,450000,1,2
1018,24,12,60000,0,450000,0,2
1026,25,12,60000,0,450000,1,2
495,24,12,50000,0,450000,1,2
1125,23,17,50000,1,450000,1,2
1461,28,6,50000,0,450000,1,2
1800,22,3,50000,0,450000,1,2
2090,29,9,50000,0,450000,0,2
2443,35,17,50000,,450000,0,2
2060,29,60,45000,0,450000,0,2
685,28,48,30000,0,450000,1,2
918,25,48,30000,0,450000,0,2
1792,25,5,30000,1,450000,0,2
1803,25,1,30000,1,450000,0,2
390,21,36,20000,0,450000,1,1
2601,24,13,170000,,470000,0,2
969,28,22,150000,0,470000,1,2
2058,,48,150000,0,470000,1,2
2074,28,17,150000,0,470000,1,2
318,27,4,125000,0,470000,1,2
2763,,48,120000,0,470000,1,2
1787,26,12,100000,0,470000,0,3
1474,30,11,300000,0,480000,1,2
2218,35,60,250000,,480000,0,2
153,23,12,220000,,480000,0,2
442,28,15,195000,0,480000,1,3
411,24,48,170000,1,480000,1,2
3172,27,8,120000,0,480000,0,2
1204,24,12,100000,,480000,0,2
2664,34,,90000,,480000,0,2
91,29,10,80000,1,480000,0,2
588,27,24,80000,1,480000,0,2
3276,22,3,80000,0,480000,1,2
3068,24,22,70000,1,480000,1,2
175,25,0,60000,0,480000,1,3
1459,27,4,60000,0,480000,0,2
2423,24,36,60000,0,480000,0,2
947,22,24,50000,0,480000,0,2
2595,26,13,50000,1,480000,0,2
2614,27,14,50000,,480000,0,2
2873,25,13,50000,,480000,0,3
3322,24,,50000,0,480000,1,2
2417,30,7,80000,0,489000,0,2
2979,23,5,141000,0,490000,1,2
259,29,24,800000,2,500000,1,2
2990,30,24,800000,2,500000,1,2
3315,23,,500000,0,500000,1,3
2554,,102,400000,0,500000,0,2
2764,27,24,300000,1,500000,1,3
3367,23,,250000,2,500000,0,2
1023,28,12,220000,0,500000,0,4
1094,28,24,210000,,500000,1,2
315,24,6,205000,1,500000,0,2
29,27,4,200000,0,500000,1,2
445,25,24,200000,,500000,0,2
1196,35,7,200000,,500000,1,2
1974,,10,200000,0,500000,1,2
3073,39,72,200000,0,500000,1,3
417,30,36,180000,0,500000,1,2
2285,35,,180000,0,500000,1,2
2489,29,48,180000,,500000,0,2
2547,26,21,180000,0,500000,1,2
252,,36,170000,0,500000,0,2
2308,31,12,170000,3,500000,0,2
316,26,15,160000,0,500000,1,2
544,29,36,160000,0,500000,1,2
35,25,10,150000,0,500000,0,2
268,,2,150000,,500000,1,1
903,28,36,150000,1,500000,1,3
1098,22,2,150000,0,500000,0,2
1292,32,84,150000,3,500000,1,2
1300,26,16,150000,0,500000,1,2
1301,,60,150000,0,500000,1,2
1734,25,12,150000,0,500000,0,2
1786,24,2,150000,0,500000,0,3
2146,,58,150000,0,500000,0,3
2165,26,28,150000,0,500000,1,2
2263,25,12,150000,1,500000,1,2
3128,27,36,150000,3,500000,0,2
3170,24,16,150000,1,500000,1,2
114,24,24,140000,0,500000,1,2
377,27,10,140000,,500000,1,2
1456,,24,140000,0,500000,1,2
1646,26,12,140000,1,500000,0,2
1796,24,1,140000,1,500000,0,2
2963,27,13,134000,0,500000,1,3
2737,,3,133000,3,500000,0,2
3019,26,0,132000,1,500000,0,3
44,23,12,130000,,500000,0,4
1768,24,3,130000,0,500000,0,2
312,22,9,125000,0,500000,1,2
3024,25,0,122000,0,500000,1,2
34,24,4,120000,0,500000,0,2
165,,48,120000,,500000,1,2
264,30,12,120000,0,500000,0,2
277,25,12,120000,0,500000,1,2
510,31,27,120000,0,500000,0,2
767,21,3,120000,0,500000,1,3
878,24,1,120000,3,500000,1,2
1628,23,1,120000,1,500000,1,2
2338,25,12,120000,0,500000,1,2
2388,26,22,120000,0,500000,1,2
2399,,48,120000,0,500000,1,3
2584,27,36,120000,,500000,0,2
2610,25,2,120000,0,500000,1,2
2761,33,60,120000,0,500000,0,2
3496,25,,120000,0,500000,0,2
1332,22,10,110000,0,500000,1,2
2607,29,24,109000,,500000,0,2
18,26,4,100000,,500000,0,2
236,29,2,100000,0,500000,0,2
726,31,9,100000,0,500000,0,2
1171,,7,100000,1,500000,0,2
1715,28,23,100000,0,500000,0,2
1965,33,,100000,0,500000,0,2
2121,28,36,100000,0,500000,0,2
2163,23,1,100000,0,500000,1,2
2264,28,60,100000,1,500000,1,2
2516,25,10,100000,,500000,0,2
2767,24,12,100000,0,500000,0,2
3055,22,24,100000,,500000,1,2
3129,25,29,100000,0,500000,1,2
877,25,9,90000,0,500000,1,2
2372,27,3,90000,1,500000,1,2
202,,7,80000,1,500000,0,2
1084,31,48,80000,0,500000,0,3
1635,35,36,80000,1,500000,0,3
1794,26,7,80000,0,500000,0,2
2400,27,24,80000,0,500000,1,2
2707,25,2,80000,0,500000,0,2
2862,28,24,80000,,500000,0,2
967,28,48,70000,1,500000,1,2
2440,25,1,70000,,500000,0,4
2617,29,2,70000,,500000,0,2
95,25,12,60000,0,500000,0,2
109,23,2,60000,0,500000,1,2
737,27,4,60000,0,500000,0,4
759,27,24,60000,,500000,0,2
939,27,11,60000,0,500000,0,2
1116,29,48,60000,1,500000,1,2
1266,,6,60000,,500000,0,2
1630,24,2,60000,0,500000,0,1
1847,23,1,60000,,500000,0,2
2150,26,1,60000,1,500000,0,2
3000,23,1,60000,,500000,0,2
3001,23,1,60000,,500000,0,2
3018,26,4,60000,,500000,0,2
3417,20,,60000,0,500000,0,2
1678,25,48,55000,0,500000,0,2
251,,38,50000,0,500000,1,3
594,28,12,50000,1,500000,1,3
828,23,1,50000,,500000,0,2
1041,,36,50000,0,500000,1,2
1056,27,,50000,2,500000,0,2
1141,23,8,50000,1,500000,0,2
1250,23,3,50000,1,500000,0,2
1759,30,8,50000,0,500000,0,2
1806,27,1,50000,0,500000,0,2
1835,31,,50000,,500000,1,2
1896,23,7,50000,0,500000,0,2
2070,32,60,50000,,500000,1,2
2238,29,12,50000,,500000,0,2
2330,25,0,50000,0,500000,1,2
2809,29,24,50000,1,500000,0,2
3231,24,0,50000,,500000,0,2
3250,26,24,50000,1,500000,0,2
3275,31,36,50000,0,500000,0,2
1719,22,4,30000,0,500000,0,2
1775,24,11,30000,1,500000,0,2
3120,25,12,30000,0,500000,1,2
3121,25,12,30000,0,500000,1,2
3240,31,60,30000,0,500000,1,2
485,35,8,20000,0,500000,1,3
3194,25,0,20000,0,500000,0,1
637,27,57,20000,0,500000,1,2
1620,20,,20000,0,500000,0,1
3031,25,,20000,1,500000,0,2
2596,30,48,10000,,500000,0,2
2276,,,350000,0,510000,1,2
63,25,2,150000,,510000,0,2
2660,28,24,100000,,510000,0,2
1467,25,6,50000,,510000,0,2
2717,26,12,180000,,512000,1,2
755,34,60,140000,0,513000,0,4
140,27,27,200000,0,520000,0,2
1442,23,,145000,0,520000,0,2
1425,23,2,60000,,520000,0,2
1426,23,2,60000,,520000,0,2
478,25,5,100000,1,530000,0,2
2193,24,3,100000,0,530000,1,2
502,26,21,80000,0,530000,1,3
524,25,4,60000,0,530000,0,2
2876,29,12,60000,1,530000,0,2
2432,24,6,200000,2,540000,1,2
2476,24,49,200000,0,540000,1,2
327,33,28,155000,1,540000,0,2
3097,23,48,150000,0,540000,1,2
738,22,12,110000,1,540000,0,2
703,24,1,80000,0,540000,0,2
2743,25,10,80000,,540000,0,2
566,23,12,50000,0,540000,1,2
1235,26,0,50000,0,540000,1,2
3053,25,8,50000,,540000,0,2
3163,40,120,400000,,550000,1,3
2950,27,2,371000,0,550000,1,2
2697,39,180,350000,2,550000,0,2
2637,27,72,300000,0,550000,0,2
427,24,1,240000,0,550000,0,2
3218,41,120,230000,,550000,1,3
968,28,48,210000,0,550000,1,3
2796,31,60,210000,,550000,0,2
3161,34,72,202000,3,550000,0,2
970,37,120,200000,0,550000,1,2
2210,27,39,200000,0,550000,0,2
1925,23,3,185000,1,550000,0,3
587,34,67,182000,0,550000,0,2
1251,26,60,160000,0,550000,0,2
1866,24,2,150000,,550000,0,2
3156,33,27,150000,1,550000,1,2
3175,40,120,150000,,550000,1,3
3284,28,48,150000,,550000,1,2
1396,,24,140000,,550000,1,2
1877,25,4,140000,0,550000,0,2
333,26,22,135000,0,550000,0,2
435,35,12,120000,0,550000,0,2
1491,27,12,120000,0,550000,1,2
2426,24,24,120000,,550000,0,2
148,25,12,100000,0,550000,0,2
452,25,12,100000,0,550000,0,2
913,35,12,100000,0,550000,0,2
1402,27,9,100000,0,550000,1,2
2328,29,,100000,0,550000,1,2
2398,,48,100000,0,550000,1,2
2517,23,10,100000,,550000,1,2
3338,23,,100000,,550000,0,2
513,27,22,80000,0,550000,0,2
1666,25,1,80000,1,550000,1,2
2676,23,1,80000,0,550000,0,2
3292,34,36,80000,3,550000,0,2
2043,26,3,70000,0,550000,1,2
2326,35,12,70000,0,550000,0,2
2412,28,12,65000,0,550000,1,2
22,22,7,60000,,550000,1,2
1115,,72,60000,0,550000,1,2
1717,32,120,60000,0,550000,0,2
3066,,12,60000,0,550000,1,2
181,27,21,50000,3,550000,1,2
1493,31,60,50000,0,550000,0,2
1495,27,24,50000,3,550000,1,2
1848,22,1,50000,,550000,0,2
2038,23,1,50000,0,550000,0,2
2358,25,4,50000,0,550000,0,2
2433,22,,30000,,550000,0,2
2722,35,24,30000,0,550000,0,2
578,24,24,20000,0,550000,0,4
987,23,6,20000,0,550000,1,3
1542,22,36,20000,0,550000,1,1
2446,28,47,300000,,560000,0,4
2867,30,45,200000,0,560000,1,2
2143,26,32,150000,1,560000,1,2
2393,,14,150000,3,560000,0,2
2824,25,12,120000,0,560000,1,2
3094,24,25,60000,0,560000,1,2
2144,24,4,50000,3,560000,1,2
3220,30,12,50000,0,560000,1,2
332,,108,245000,,570000,1,2
2066,27,52,80000,,570000,1,2
2586,,120,350000,,580000,1,2
965,33,91,240000,2,580000,1,2
698,30,53,80000,0,580000,1,2
551,29,14,2410000,0,600000,1,2
1449,28,24,1500000,3,600000,0,3
2532,33,48,700000,,600000,1,2
2842,30,6,660000,0,600000,1,2
422,,96,430000,,600000,1,2
144,,60,315000,0,600000,0,2
1297,38,156,300000,0,600000,1,2
1441,25,24,300000,0,600000,1,2
2041,25,8,300000,0,600000,1,3
2608,29,7,300000,,600000,0,2
2638,30,40,300000,,600000,0,2
2005,38,168,260000,0,600000,1,2
2123,27,24,260000,,600000,1,2
482,27,34,255000,,600000,0,2
935,,3,250000,0,600000,0,4
2689,31,22,250000,0,600000,1,3
1192,31,24,240000,0,600000,1,2
2071,30,48,240000,2,600000,0,3
243,30,24,230000,0,600000,1,2
244,30,24,230000,0,600000,1,2
371,26,24,230000,0,600000,1,2
389,30,24,230000,0,600000,1,2
1078,33,56,230000,0,600000,1,2
1770,27,4,230000,0,600000,0,2
885,27,2,220000,,600000,1,3
2249,26,2,210000,0,600000,0,2
326,24,13,205000,0,600000,0,2
523,,22,205000,0,600000,1,2
73,,24,200000,0,600000,1,2
330,33,132,200000,2,600000,1,4
789,32,84,200000,0,600000,1,2
860,26,12,200000,0,600000,1,2
948,33,4,200000,1,600000,0,2
953,28,7,200000,0,600000,0,2
1003,27,51,200000,0,600000,1,2
1313,,24,200000,0,600000,1,2
1314,34,84,200000,0,600000,0,2
1953,24,2,200000,0,600000,0,4
2229,36,60,200000,0,600000,1,3
3091,34,132,200000,3,600000,0,2
3173,,204,200000,2,600000,1,2
3011,27,3,183000,0,600000,1,3
684,25,12,180000,3,600000,0,3
2022,31,48,180000,0,600000,0,2
2466,28,24,180000,0,600000,0,2
2539,24,27,180000,0,600000,0,2
2969,25,36,179000,,600000,0,3
3208,25,2,177000,0,600000,0,3
98,,72,170000,0,600000,1,2
336,,36,170000,3,600000,0,2
216,27,,165000,0,600000,1,3
577,28,15,165000,0,600000,0,3
1284,27,5,165000,0,600000,0,3
176,,33,160000,1,600000,1,2
1027,29,3,160000,0,600000,1,2
2579,28,22,160000,,600000,0,2
3026,35,48,159000,0,600000,1,3
2095,32,108,150000,3,600000,0,2
156,27,36,150000,,600000,0,4
320,30,72,150000,0,600000,0,3
515,32,12,150000,0,600000,1,3
554,25,10,150000,0,600000,1,2
569,25,35,150000,,600000,1,4
721,24,14,150000,1,600000,0,2
973,33,60,150000,0,600000,0,2
1062,23,24,150000,0,600000,0,2
1669,28,24,150000,1,600000,1,2
1755,28,9,150000,0,600000,0,2
1836,25,12,150000,3,600000,0,3
2235,29,24,150000,3,600000,0,2
2355,29,82,150000,2,600000,1,2
2597,30,10,150000,,600000,0,2
2652,32,12,150000,0,600000,1,2
2659,33,7,150000,,600000,0,2
3181,32,36,150000,0,600000,1,2
1959,,10,145000,0,600000,0,2
1283,27,19,143000,0,600000,1,4
2391,,36,140000,,600000,0,3
2902,34,72,140000,,600000,1,2
3085,35,104,140000,0,600000,1,2
1080,,60,130000,0,600000,0,2
1110,22,2,130000,,600000,1,2
2682,,96,130000,,600000,1,2
2794,32,3,130000,0,600000,1,2
3225,35,82,130000,0,600000,1,3
444,23,36,125000,,600000,0,2
49,27,72,120000,1,600000,1,4
1111,,12,120000,1,600000,1,3
1430,23,12,120000,,600000,0,2
2451,29,,120000,,600000,1,2
3061,27,48,120000,0,600000,1,2
3165,34,156,120000,0,600000,0,3
3196,35,,120000,0,600000,0,2
3502,22,,120000,,600000,0,2
1808,29,3,110000,,600000,0,3
2591,30,40,110000,,600000,1,2
183,24,24,100000,0,600000,1,3
711,24,4,100000,0,600000,0,2
1081,30,84,100000,2,600000,1,2
1222,27,6,100000,3,600000,0,2
1488,26,3,100000,,600000,0,4
1721,,2,100000,0,600000,0,2
1985,25,16,100000,0,600000,0,3
2296,28,60,100000,0,600000,1,2
2530,32,36,100000,1,600000,1,2
2611,27,5,100000,,600000,0,2
2655,,5,100000,1,600000,0,2
2757,28,67,100000,0,600000,1,2
2897,39,60,100000,0,600000,1,2
1021,27,36,90000,3,600000,1,2
2333,28,26,88000,0,600000,1,2
135,29,8,80000,0,600000,1,4
532,25,11,80000,0,600000,1,2
614,28,19,80000,1,600000,1,2
728,27,40,80000,0,600000,1,2
944,24,26,80000,0,600000,1,2
1083,30,24,80000,0,600000,0,2
1347,32,36,80000,,600000,1,2
1353,24,26,80000,,600000,0,2
1413,25,24,80000,,600000,0,2
1720,23,2,80000,0,600000,0,2
2192,,132,80000,,600000,1,2
3164,28,36,80000,3,600000,1,2
3243,28,5,80000,0,600000,0,2
2084,30,24,75000,0,600000,1,2
3277,22,5,72000,0,600000,0,2
407,22,7,70000,0,600000,0,3
1685,26,,70000,0,600000,1,2
1946,37,31,70000,2,600000,0,2
2921,33,120,70000,3,600000,0,2
127,26,,60000,0,600000,1,2
159,23,48,60000,0,600000,0,2
1380,23,2,60000,0,600000,0,2
1837,26,4,60000,0,600000,0,2
1898,27,3,60000,1,600000,0,2
3038,26,,60000,0,600000,1,2
3226,36,96,60000,0,600000,0,2
3227,36,96,60000,0,600000,0,2
3332,,,60000,0,600000,0,1
3500,23,,60000,0,600000,0,2
511,26,24,50000,1,600000,1,2
549,22,4,50000,0,600000,1,4
899,27,12,50000,0,600000,0,2
912,23,9,50000,1,600000,0,2
962,22,6,50000,0,600000,0,2
1742,,0,50000,0,600000,0,2
1983,32,60,50000,0,600000,0,2
3229,36,72,50000,0,600000,1,2
231,26,12,30000,0,600000,1,2
1372,22,24,30000,0,600000,0,2
2430,34,24,30000,0,600000,0,2
51,25,12,20000,3,600000,0,2
418,22,,20000,0,600000,0,2
419,22,,20000,0,600000,0,2
1385,22,0,20000,3,600000,1,3
1844,24,1,20000,,600000,0,2
2415,28,36,20000,1,600000,0,2
2789,22,10,20000,3,600000,1,3
3244,25,24,20000,3,600000,1,2
1237,31,72,300000,0,620000,1,3
2297,37,117,130000,0,620000,1,3
624,37,117,120000,0,620000,1,3
2075,29,9,80000,0,620000,1,4
66,22,2,184000,0,630000,0,2
367,31,36,180000,1,630000,1,2
586,28,,100000,0,630000,0,4
2992,22,1500,40000,0,630000,1,2
1179,28,24,210000,0,640000,1,2
1677,33,56,100000,,640000,0,2
2279,34,36,340000,0,650000,1,2
1024,30,24,300000,0,650000,0,2
1705,27,36,300000,0,650000,0,2
1075,,12,280000,3,650000,1,2
1019,26,36,260000,0,650000,0,2
2533,34,,250000,0,650000,1,2
76,25,24,248000,0,650000,1,2
1037,32,36,240000,0,650000,0,3
2204,23,24,220000,0,650000,1,2
837,25,26,200000,0,650000,1,2
1014,28,48,200000,0,650000,1,2
3279,34,72,200000,0,650000,1,2
2947,26,24,199000,,650000,1,2
1671,31,93,180000,0,650000,1,2
1338,24,0,170000,0,650000,1,2
3369,23,,170000,0,650000,1,2
133,33,130,160000,3,650000,1,3
1303,,36,160000,0,650000,0,2
579,31,24,150000,0,650000,0,2
1050,23,7,150000,0,650000,0,2
2854,22,24,150000,0,650000,0,3
2321,,12,140000,3,650000,1,2
2126,24,27,120000,,650000,0,2
897,24,4,100000,0,650000,0,2
1736,25,2,100000,0,650000,0,2
1887,23,2,100000,0,650000,0,2
2357,,60,100000,1,650000,1,4
2118,,34,89000,0,650000,1,2
50,21,12,80000,,650000,0,3
761,26,36,70000,0,650000,1,2
1814,26,3,60000,1,650000,0,2
2069,,12,60000,0,650000,1,4
2570,23,2,30000,0,650000,0,2
891,30,60,230000,0,660000,1,2
1389,38,36,200000,0,670000,0,2
1478,32,12,50000,3,670000,0,2
1035,35,120,280000,0,680000,1,2
2838,28,7,200000,,680000,1,2
3291,24,24,100000,0,680000,1,3
805,38,96,300000,0,700000,0,2
3109,33,95,300000,0,700000,1,2
3503,23,,300000,0,700000,0,2
2354,36,72,290000,,700000,0,2
2581,35,108,280000,,700000,0,3
1174,27,60,270000,,700000,0,2
1437,27,27,270000,0,700000,1,2
2447,28,24,260000,,700000,0,2
374,24,6,250000,0,700000,0,2
408,30,48,250000,0,700000,0,2
782,25,36,200000,0,700000,0,3
983,25,24,200000,,700000,0,3
1028,,3,200000,0,700000,1,2
1038,31,,200000,0,700000,1,2
1325,28,72,200000,3,700000,1,3
2256,30,96,200000,,700000,1,4
3371,25,,200000,,700000,0,2
2849,36,120,190000,3,700000,0,2
995,29,2,180000,0,700000,1,3
2185,31,72,180000,,700000,0,2
2199,30,36,180000,0,700000,1,3
2213,30,,180000,2,700000,1,4
2565,30,96,180000,0,700000,1,4
2958,24,3,176000,0,700000,0,2
2410,30,6,170000,0,700000,1,3
3355,25,,170000,3,700000,0,2
2119,25,13,169000,0,700000,0,2
122,28,24,160000,0,700000,1,4
2745,,2,160000,0,700000,0,2
538,26,24,150000,0,700000,0,2
625,30,,150000,2,700000,1,4
743,28,48,150000,0,700000,1,2
1622,24,,150000,0,700000,1,1
1688,27,9,150000,,700000,0,2
1779,24,10,150000,1,700000,0,2
1905,25,5,150000,0,700000,0,2
2275,,24,150000,0,700000,1,2
2373,25,8,150000,,700000,0,4
2376,,12,150000,0,700000,0,2
2616,27,8,150000,,700000,0,2
2861,35,84,150000,,700000,1,2
2918,30,24,145000,1,700000,0,2
3014,23,0,145000,0,700000,1,2
2928,31,84,144000,1,700000,0,3
994,29,30,140000,0,700000,0,4
2329,,36,140000,0,700000,1,3
2974,31,48,140000,0,700000,1,2
2746,25,,131000,0,700000,0,2
2450,25,1,130000,,700000,0,2
401,24,4,125000,1,700000,0,2
656,32,120,120000,0,700000,0,2
1193,28,46,120000,0,700000,1,2
1232,29,48,120000,0,700000,0,2
2159,25,4,120000,0,700000,0,2
1076,28,,100000,1,700000,1,2
1181,30,72,100000,0,700000,1,2
1359,28,29,100000,1,700000,0,2
2148,25,0,100000,0,700000,1,2
2870,34,,100000,0,700000,1,3
2987,38,64,100000,0,700000,1,2
3325,25,1,100000,1,700000,0,2
446,25,4,80000,1,700000,1,2
717,31,48,80000,0,700000,1,2
1273,,,80000,,700000,1,2
3334,24,7,80000,0,700000,1,2
1097,23,1,70000,0,700000,0,4
1489,25,0,70000,0,700000,0,2
1490,25,0,70000,0,700000,0,2
1716,24,1,70000,1,700000,0,2
295,32,114,60000,0,700000,1,2
2024,,12,60000,0,700000,0,2
3245,28,15,60000,0,700000,1,4
746,29,,50000,0,700000,1,4
1423,24,6,50000,,700000,0,2
1777,25,3,50000,0,700000,1,2
1895,27,0,50000,1,700000,0,2
1961,21,27,50000,0,700000,0,2
2374,30,57,50000,0,700000,1,2
2732,25,,40000,0,700000,1,2
1140,25,3,30000,1,700000,0,4
1704,25,36,30000,,700000,1,2
2487,26,17,30000,,700000,0,2
729,25,24,20000,1,700000,1,2
2920,25,24,20000,1,700000,1,2
3396,25,,400000,0,720000,1,2
262,32,0,330000,0,720000,1,2
386,30,16,270000,0,720000,1,3
3309,25,,150000,0,720000,1,2
2573,26,13,120000,,720000,0,4
2857,33,120,300000,,730000,0,2
2299,,108,180000,2,730000,1,3
2923,33,120,153000,0,730000,1,2
975,27,,310000,0,750000,1,2
537,29,65,200000,0,750000,1,3
1048,24,4,160000,0,750000,1,4
2473,39,144,160000,2,750000,1,2
138,30,5,150000,1,750000,1,3
2673,30,4,150000,1,750000,0,3
547,,24,130000,0,750000,1,2
2787,30,6,120000,0,750000,1,3
459,27,,110000,0,750000,0,2
2314,25,4,110000,1,750000,1,2
794,25,2,100000,0,750000,1,4
895,35,96,100000,0,750000,1,4
1455,,12,100000,0,750000,1,2
2953,28,36,100000,0,750000,1,4
3116,27,60,100000,0,750000,0,2
573,27,3,80000,0,750000,0,2
1931,22,1,80000,,750000,0,2
2623,23,0,80000,0,750000,0,1
2734,25,3,80000,,750000,0,2
556,27,24,60000,0,750000,0,2
1106,25,1,60000,,750000,0,2
989,34,44,50000,3,750000,1,3
2524,34,42,50000,3,750000,1,3
3021,25,4,40000,1,750000,0,2
118,31,7,110000,1,760000,0,2
479,31,10,210000,1,770000,0,2
1686,32,12,150000,1,770000,0,2
282,29,36,120000,3,770000,1,2
1079,34,11,100000,0,770000,1,2
2946,,24,339000,0,780000,0,2
1726,23,2,200000,0,780000,1,2
2367,35,112,200000,0,780000,1,2
2161,,,2000000,,800000,0,2
2073,29,6,405000,,800000,0,4
2490,,120,400000,,800000,0,2
2839,32,48,360000,0,800000,0,2
1134,,240,350000,,800000,0,3
1216,29,12,350000,0,800000,0,3
1451,31,24,350000,3,800000,0,3
3083,29,15,350000,3,800000,0,3
1373,34,120,320000,,800000,0,3
1391,32,24,320000,0,800000,0,3
1161,29,63,300000,0,800000,1,2
2269,25,12,300000,0,800000,0,2
2636,35,,300000,,800000,0,2
1781,25,2,285000,0,800000,0,2
732,29,60,280000,3,800000,1,2
2093,38,108,280000,0,800000,1,2
961,30,84,270000,0,800000,1,3
883,28,36,260000,0,800000,1,2
2411,25,2,260000,0,800000,1,2
964,29,24,250000,,800000,1,2
850,30,76,230000,0,800000,0,3
1010,35,120,220000,2,800000,0,3
1011,34,5,215000,2,800000,1,2
225,26,12,215000,0,800000,0,2
17,31,60,210000,0,800000,1,2
949,,13,210000,0,800000,0,2
187,27,36,200000,1,800000,1,2
400,25,6,200000,0,800000,1,2
1167,32,84,200000,0,800000,0,2
2168,25,10,200000,0,800000,1,2
2294,,5,200000,0,800000,1,2
2666,32,7,200000,,800000,0,3
2671,26,11,200000,0,800000,0,2
2085,34,120,190000,2,800000,0,3
1371,30,12,180000,0,800000,0,2
2782,32,84,180000,0,800000,0,2
3222,35,96,180000,0,800000,0,2
976,29,6,167000,0,800000,1,2
766,,4,160000,0,800000,1,2
902,36,48,160000,1,800000,1,2
1857,26,3,160000,0,800000,0,2
2927,22,12,158000,0,800000,0,3
474,,6,155000,0,800000,1,2
612,28,24,150000,0,800000,1,2
662,25,1,150000,1,800000,0,2
1138,26,12,150000,0,800000,1,2
1366,30,36,150000,3,800000,1,2
1782,29,36,150000,1,800000,0,2
2678,29,12,150000,1,800000,0,2
3063,34,22,150000,,800000,1,2
3252,32,96,150000,0,800000,1,2
639,25,,130000,0,800000,1,2
3280,26,36,130000,0,800000,0,2
531,26,12,120000,0,800000,0,2
951,,6,120000,0,800000,1,2
2589,28,2,120000,,800000,1,2
60,26,2,100000,0,800000,1,2
195,,6,100000,0,800000,1,2
604,26,0,100000,1,800000,1,2
1197,22,13,100000,0,800000,1,2
2843,26,0,100000,0,800000,0,2
3074,26,24,100000,0,800000,0,2
1127,32,96,90000,0,800000,1,2
1395,,6,90000,0,800000,1,2
1739,26,1,80000,1,800000,0,2
1996,23,48,80000,0,800000,0,2
2656,27,2,80000,,800000,0,2
509,24,5,60000,1,800000,1,2
1670,29,60,60000,2,800000,1,2
2742,25,,60000,1,800000,1,2
2938,26,16,60000,0,800000,1,2
1881,29,72,50000,0,800000,0,2
339,21,12,20000,0,800000,0,1
822,29,36,260000,0,810000,0,2
2113,40,144,330000,3,820000,0,3
2375,34,108,150000,2,820000,1,3
2195,37,6,200000,0,830000,0,2
1852,,0,228000,0,840000,0,4
3368,23,,480000,0,850000,1,2
2230,35,2,350000,,850000,0,4
3375,,3,350000,0,850000,0,2
950,,33,270000,0,850000,1,2
2339,,96,170000,0,850000,1,2
1133,33,84,150000,2,850000,1,2
1869,26,0,150000,0,850000,1,2
2766,27,,150000,0,850000,1,2
1849,20,4,50000,,850000,0,2
1750,22,3,100000,0,860000,0,2
1105,23,12,80000,0,860000,1,2
2125,33,96,300000,,880000,0,2
2594,34,144,450000,0,900000,1,2
2684,,96,400000,0,900000,1,2
2748,25,13,280000,0,900000,1,2
25,25,12,250000,0,900000,0,2
2067,,12,250000,1,900000,1,2
2248,36,108,250000,,900000,0,2
2031,31,108,220000,,900000,1,2
2260,24,24,210000,0,900000,1,2
763,32,84,200000,0,900000,1,2
2171,40,120,200000,0,900000,1,3
2401,37,57,200000,0,900000,1,2
2580,36,108,190000,,900000,0,3
2543,31,36,180000,3,900000,0,2
209,26,0,150000,0,900000,1,2
3180,26,11,140000,0,900000,1,2
663,25,1,130000,1,900000,0,2
1804,27,2,100000,0,900000,0,2
2209,29,,100000,,900000,1,2
1932,27,1,60000,0,900000,0,2
2739,25,3,60000,,900000,0,2
2753,27,1,50000,0,900000,1,2
890,24,39,250000,0,910000,1,3
2747,,3,125000,0,910000,0,2
2101,34,120,382000,3,914000,1,1
2082,26,12,290000,0,920000,1,4
2788,25,12,200000,0,920000,1,4
2448,22,0,20000,0,930000,0,1
2846,30,84,390000,1,950000,0,2
1126,22,13,280000,0,950000,0,3
194,32,7,200000,2,950000,1,2
239,28,12,200000,0,950000,0,2
240,28,12,200000,0,950000,0,2
2303,32,72,200000,0,950000,0,2
3247,23,24,100000,3,950000,0,3
664,25,2,50000,0,950000,1,2
3148,26,2,307000,0,960000,1,4
2686,26,12,300000,,960000,1,2
534,30,4,50000,0,960000,0,2
1203,33,120,160000,0,997000,1,3
2491,36,1,600000,,1000000,0,2
2064,29,60,519000,3,1000000,0,2
1269,31,72,420000,0,1000000,0,2
26,29,48,390000,0,1000000,0,4
1401,32,84,370000,0,1000000,1,2
1481,33,60,350000,,1000000,1,2
2836,34,10,330000,,1000000,0,2
290,32,36,300000,3,1000000,0,2
2582,34,10,300000,,1000000,0,2
500,30,60,250000,0,1000000,0,2
978,,84,250000,,1000000,0,2
2232,31,36,230000,0,1000000,1,2
2200,35,180,220000,3,1000000,1,3
289,24,0,200000,0,1000000,0,2
760,26,9,200000,0,1000000,1,4
2736,26,1,200000,0,1000000,1,2
2755,42,12,200000,2,1000000,1,2
2114,23,4,190000,0,1000000,0,2
1107,39,120,180000,0,1000000,1,2
1986,,84,180000,,1000000,0,2
3086,26,12,180000,1,1000000,1,2
3087,26,12,180000,1,1000000,1,2
1249,,12,160000,,1000000,1,2
3143,30,60,160000,,1000000,0,2
235,,6,150000,0,1000000,0,2
718,,53,150000,3,1000000,0,2
778,24,1,150000,1,1000000,0,2
1164,27,4,150000,1,1000000,1,2
1928,25,36,150000,,1000000,0,3
2438,35,,150000,,1000000,0,2
2481,28,,150000,0,1000000,1,2
2618,25,2,150000,,1000000,0,2
48,28,24,130000,,1000000,0,2
2196,29,53,110000,0,1000000,0,2
3179,25,0,110000,,1000000,0,2
2220,24,4,100000,,1000000,0,2
2403,39,96,100000,,1000000,0,2
3096,26,12,100000,0,1000000,1,2
1494,27,24,50000,0,1000000,0,3
2888,32,36,150000,0,1050000,1,2
2429,33,84,500000,0,1100000,1,2
438,38,24,450000,,1100000,1,2
3008,32,84,281000,0,1100000,1,2
170,27,36,200000,,1100000,0,2
1166,35,26,200000,0,1100000,0,2
1453,28,48,200000,1,1100000,1,2
2497,25,,200000,0,1100000,1,2
2592,28,3,200000,,1100000,0,2
2344,27,36,130000,1,1100000,1,2
2980,26,,266000,0,1170000,1,2
2633,33,72,600000,0,1200000,1,2
2558,33,108,500000,2,1200000,1,2
433,32,108,480000,2,1200000,0,2
483,46,144,450000,0,1200000,1,2
2936,33,,360000,0,1200000,1,3
440,27,0,335000,3,1200000,1,2
2115,35,108,311000,0,1200000,1,2
702,,36,310000,,1200000,1,2
1446,28,48,300000,3,1200000,0,2
775,35,36,280000,3,1200000,1,2
2353,32,,260000,0,1200000,1,2
3003,25,19,220000,0,1200000,1,2
189,,48,200000,,1200000,1,2
1424,27,12,200000,,1200000,0,2
1902,25,,200000,0,1200000,0,4
1277,37,36,150000,3,1200000,0,2
278,31,56,120000,3,1200000,1,4
104,26,,100000,,1200000,1,4
2228,,2,100000,0,1200000,1,2
695,32,48,70000,,1200000,1,2
1665,23,36,60000,0,1200000,1,2
2503,29,36,30000,,1200000,0,2
93,36,,16000,0,1200000,1,2
2008,31,18,500000,0,1250000,1,4
82,29,24,1000000,,1300000,1,2
2471,29,41,500000,,1300000,1,2
99,39,24,450000,3,1300000,0,2
27,28,6,400000,0,1300000,0,4
193,40,,150000,0,1300000,1,2
168,39,,120000,0,1300000,1,2
1169,37,144,300000,0,1340000,1,2
753,28,4,300000,0,1350000,1,2
2640,29,84,500000,,1400000,0,3
1051,35,120,400000,0,1400000,1,2
1258,40,12,400000,0,1400000,0,2
1177,31,,310000,,1400000,0,2
2515,28,27,300000,0,1400000,1,2
3067,29,60,600000,3,1500000,0,2
1377,32,,500000,0,1500000,0,2
1439,30,4,350000,,1500000,0,2
283,27,12,325000,0,1500000,1,2
3155,44,120,300000,2,1500000,1,2
206,41,144,250000,2,1500000,1,2
674,42,36,200000,0,1500000,1,2
1465,29,,200000,,1500000,1,2
2721,28,65,80000,0,1500000,1,2
470,38,192,600000,0,1520000,1,2
2653,30,,500000,0,1600000,1,2
3159,,10,500000,0,1600000,1,2
475,30,48,400000,0,1600000,1,4
1982,36,19,150000,3,1600000,0,2
467,,48,800000,2,1700000,1,2
1487,29,24,300000,1,1700000,1,4
1709,27,2,500000,,1800000,0,2
1205,26,,300000,0,1800000,1,2
3092,38,24,300000,3,1800000,0,2
2072,30,24,491000,0,1900000,1,2
2122,35,84,549000,,2000000,1,2
2834,33,120,520000,2,2000000,0,2
1099,,72,460000,0,2000000,0,2
280,29,24,450000,0,2000000,0,2
1407,25,36,330000,0,2000000,1,2
2648,26,,300000,,2000000,1,4
2242,38,84,200000,,2000000,0,2
2120,36,36,50000,0,2000000,1,2
394,,84,400000,0,2300000,0,2
1096,40,120,900000,2,2500000,1,4
2061,,24,450000,2,2500000,1,2
2012,,132,150000,2,2500000,1,2
2127,41,132,1343000,2,3000000,0,4
1363,34,108,300000,3,3000000,1,2
826,36,24,200000,3,3000005,1,2
310,23,13,80000,0,3100000,1,2
1350,34,4,400000,,5000000,0,2
2462,34,72,200000,,5500000,1,4
1432,29,72,1100000,,10000000,0,2
3040,,60,4500000,0,,1,2
274,37,,1500000,2,,0,2
517,24,,1200000,,,1,2
455,31,72,1000000,0,,0,2
3162,35,144,1000000,0,,1,2
3206,25,0,1000000,,,0,2
3394,22,0,1000000,,,0,2
2078,,,960000,0,,0,2
2288,35,108,900000,0,,1,2
241,36,84,800000,0,,1,2
399,30,,800000,2,,1,2
2916,23,,744000,0,,1,2
1132,54,10,710000,2,,1,2
489,35,72,700000,0,,1,2
2779,34,124,680000,3,,1,2
56,32,84,660000,0,,1,4
3479,27,12,631000,0,,1,2
80,39,54,621000,3,,1,4
2841,25,24,620000,0,,1,2
410,35,108,600000,0,,1,2
451,30,36,600000,2,,1,4
457,,20,600000,0,,0,2
652,36,108,600000,0,,1,2
811,32,108,600000,3,,1,2
2017,35,108,600000,0,,1,2
2704,35,72,600000,2,,1,4
2758,33,96,600000,,,0,2
113,22,24,530000,0,,0,2
2021,33,20,520000,,,1,2
61,33,96,500000,2,,1,4
143,32,84,500000,3,,0,2
1306,,84,500000,0,,0,3
2052,29,24,500000,,,0,2
2251,,132,500000,2,,0,2
2361,36,108,500000,,,0,2
2459,25,,500000,0,,1,4
2482,30,24,500000,1,,1,2
2486,31,11,500000,,,0,2
3493,,17,500000,,,1,2
3246,,12,460000,,,0,2
387,,,450000,3,,0,2
409,27,39,450000,,,0,2
2287,36,132,450000,0,,1,4
2506,30,36,450000,0,,1,2
286,27,48,440000,3,,1,2
1036,26,10,440000,0,,1,2
357,29,24,420000,0,,1,2
815,33,10,410000,0,,1,2
352,37,3,400000,2,,1,2
397,26,1,400000,2,,1,2
1470,27,10,400000,0,,1,2
2019,31,48,400000,3,,0,4
2068,40,180,400000,0,,1,3
2551,,,400000,3,,0,2
2620,28,24,400000,0,,0,4
2661,,,400000,3,,0,2
2715,,,400000,3,,0,2
3138,27,24,400000,0,,0,2
3290,25,39,400000,0,,0,2
3460,24,2,400000,,,0,2
2833,,8,390000,0,,0,2
2917,33,120,382000,0,,1,2
3114,42,,380000,2,,0,2
2278,22,24,374000,0,,0,2
942,35,24,370000,0,,1,2
284,28,36,360000,0,,1,2
2092,33,12,355000,0,,0,2
520,,72,350000,,,0,2
1447,45,120,350000,0,,1,2
2134,25,,350000,0,,1,2
2522,36,120,350000,3,,0,2
2699,29,60,350000,,,0,2
701,27,34,340000,1,,1,2
493,35,84,330000,0,,0,3
2313,29,1,330000,1,,1,2
2827,29,60,330000,3,,0,2
1339,40,60,329000,0,,0,2
308,,72,310000,0,,0,3
855,28,29,310000,1,,1,2
1146,30,24,310000,1,,1,2
272,27,5,300000,0,,1,2
597,25,,300000,0,,1,4
682,37,10,300000,,,0,2
795,,132,300000,0,,1,2
957,35,72,300000,0,,1,2
1295,,36,300000,0,,1,2
1450,,132,300000,2,,1,2
2025,28,36,300000,0,,0,2
2049,29,24,300000,,,0,2
2054,28,12,300000,,,0,2
2179,25,,300000,0,,1,4
2245,30,48,300000,3,,1,2
2246,37,108,300000,,,0,2
2298,35,60,300000,0,,1,2
2317,,9,300000,0,,0,2
2327,,60,300000,,,1,3
2384,44,168,300000,0,,1,3
2437,30,12,300000,0,,0,2
2494,35,132,300000,0,,1,2
2500,34,12,300000,0,,1,4
2625,36,108,300000,0,,1,2
2627,,60,300000,0,,0,4
2632,,36,300000,0,,0,2
2634,25,24,300000,0,,1,2
2639,29,48,300000,3,,0,2
2643,31,,300000,0,,1,2
2714,37,156,300000,0,,0,2
2759,26,,300000,0,,1,4
2760,,120,300000,,,0,2
2814,25,0,300000,0,,1,4
2815,25,0,300000,0,,1,4
3036,,132,300000,0,,1,2
3090,29,72,300000,0,,1,3
3200,24,0,300000,0,,1,1
3388,,36,300000,3,,1,2
1029,28,60,290000,0,,1,2
1121,28,60,280000,2,,1,2
1379,25,0,280000,3,,1,2
1805,31,72,280000,0,,0,2
434,,36,275000,0,,0,2
3223,33,,270000,0,,1,2
1733,26,12,255000,0,,0,2
41,,60,250000,0,,1,2
355,,10,250000,0,,1,3
356,,10,250000,0,,1,3
428,26,2,250000,0,,1,2
653,33,12,250000,2,,1,2
1218,29,,250000,2,,0,2
1360,27,4,250000,3,,1,2
1773,25,1,250000,2,,0,4
1942,25,,250000,0,,0,2
2104,36,108,250000,0,,1,2
2237,30,24,250000,,,0,2
3099,35,72,250000,0,,1,2
3345,24,43,247000,0,,0,2
2359,33,36,240000,2,,1,2
689,32,96,230000,0,,1,2
2015,29,13,230000,,,0,2
3488,26,32,230000,0,,1,2
3504,26,32,230000,0,,1,2
1394,,13,220000,0,,1,3
3282,25,10,220000,0,,1,2
2063,,21,201000,0,,0,2
21,29,36,200000,2,,1,2
62,40,36,200000,,,0,4
126,22,9,200000,0,,0,2
199,,,200000,3,,0,2
369,32,60,200000,0,,1,2
584,34,84,200000,0,,1,2
655,,12,200000,0,,0,2
696,28,36,200000,0,,0,2
892,24,2,200000,0,,0,2
893,24,2,200000,0,,0,2
990,26,13,200000,0,,0,2
1095,22,12,200000,1,,0,2
1135,,,200000,0,,0,2
1170,26,2,200000,0,,1,2
1207,36,144,200000,,,1,2
1214,26,,200000,0,,1,4
1226,,17,200000,0,,0,2
1318,,12,200000,0,,0,2
1335,36,84,200000,2,,1,2
1492,,96,200000,,,1,2
1674,,,200000,3,,0,2
1999,34,,200000,0,,1,2
2026,,,200000,0,,1,2
2045,25,0,200000,,,0,2
2262,,16,200000,0,,0,2
2268,,,200000,2,,0,2
2293,,84,200000,0,,0,2
2508,25,24,200000,0,,1,2
2702,26,36,200000,0,,0,2
2776,38,36,200000,3,,1,2
2818,29,24,200000,0,,0,2
2829,23,12,200000,0,,0,2
2835,,12,200000,0,,0,2
3119,30,72,200000,0,,0,2
3135,,20,200000,0,,0,2
3239,,72,200000,2,,1,2
90,29,84,190000,3,,1,2
648,,120,190000,0,,1,3
291,,24,185000,0,,0,2
2973,25,3,184000,0,,0,2
1863,,,181000,0,,0,2
416,28,24,180000,0,,0,2
730,29,2,180000,0,,1,2
2273,,3,180000,,,0,2
2777,26,,180000,0,,1,4
2778,26,,180000,0,,1,4
1240,32,0,170000,0,,1,2
1136,32,,160000,0,,1,2
1382,30,72,160000,0,,0,2
2006,39,,160000,0,,1,2
1728,25,12,155000,0,,0,2
464,,24,150000,0,,0,2
465,,24,150000,0,,0,2
85,30,60,150000,3,,0,2
191,40,45,150000,0,,0,2
426,32,,150000,0,,0,4
462,25,0,150000,0,,1,1
469,28,24,150000,3,,0,2
888,23,12,150000,0,,0,2
996,31,,150000,0,,1,2
1150,25,4,150000,0,,0,2
1406,29,9,150000,2,,1,4
1641,,4,150000,1,,0,2
1676,35,96,150000,0,,1,2
1964,,36,150000,1,,0,4
1973,26,,150000,0,,1,4
1993,,20,150000,0,,0,2
1994,,12,150000,0,,0,2
1995,,12,150000,0,,0,2
2062,25,,150000,0,,1,4
2172,27,,150000,0,,0,2
2180,32,72,150000,0,,1,4
2540,,,150000,0,,1,2
2668,,3,150000,0,,0,2
2868,30,72,150000,0,,0,2
2895,,,150000,0,,1,2
3293,23,14,150000,,,0,2
3424,,32,150000,2,,1,1
3427,,2,150000,,,0,2
3439,,12,150000,0,,1,4
217,,,140000,1,,0,3
2371,,48,140000,0,,0,2
3458,23,12,139000,1,,0,2
1663,31,24,132000,0,,1,2
2961,26,12,132000,0,,0,4
618,31,48,130000,0,,1,2
1302,,48,130000,0,,0,2
2793,30,,130000,0,,1,2
3410,,42,130000,2,,0,2
3440,,1,130000,0,,0,2
3344,,2,127000,1,,0,2
248,,64,125000,0,,1,2
249,,64,125000,0,,1,2
466,25,,125000,1,,1,2
258,,144,120000,2,,0,3
649,29,,120000,0,,0,2
751,35,96,120000,0,,0,3
985,27,117,120000,,,1,2
1130,32,48,120000,0,,1,3
1271,27,,120000,0,,0,2
1703,,156,120000,0,,0,2
2390,,166,120000,0,,0,2
3310,23,,120000,0,,1,2
2905,,3,113000,1,,0,1
1039,,3,110000,0,,0,2
1904,,,110000,0,,0,2
2484,28,36,110000,3,,0,2
3088,27,48,110000,0,,1,2
3514,23,9,107000,,,1,2
2943,33,36,102000,3,,0,2
30,22,24,100000,0,,1,2
81,,12,100000,1,,1,2
142,28,4,100000,0,,0,2
234,,2,100000,0,,0,2
414,29,48,100000,0,,0,2
670,33,36,100000,0,,1,2
817,29,36,100000,0,,1,2
830,26,,100000,0,,1,4
1060,30,48,100000,0,,1,2
1153,21,,100000,0,,1,2
1194,32,,100000,0,,1,2
1220,29,9,100000,2,,1,4
1417,26,24,100000,0,,0,2
1483,23,12,100000,0,,1,2
1850,24,1,100000,,,0,2
1939,32,24,100000,0,,0,2
2029,,24,100000,0,,0,3
2053,26,5,100000,0,,1,2
2217,26,3,100000,0,,0,2
2472,23,0,100000,,,0,2
2740,,3,100000,0,,0,2
2754,24,2,100000,0,,0,2
2791,29,4,100000,2,,1,4
2887,23,,100000,0,,0,2
2937,31,36,100000,0,,0,2
2948,29,0,100000,3,,0,2
3352,23,7,100000,0,,0,2
3414,23,5,100000,1,,1,2
3418,,13,100000,0,,0,2
3420,,42,100000,2,,1,2
3432,24,6,100000,0,,1,2
3436,,12,100000,0,,1,2
3477,23,2,100000,0,,1,2
3515,22,9,100000,0,,0,2
370,28,6,95000,0,,0,2
1387,,4,90000,0,,1,2
1664,33,,85000,0,,0,2
2985,23,12,82000,0,,0,2
121,30,60,80000,0,,1,2
167,,12,80000,0,,0,2
230,,4,80000,0,,0,2
340,24,48,80000,1,,1,2
503,,156,80000,0,,0,2
536,30,,80000,0,,0,2
570,28,12,80000,0,,1,2
719,25,0,80000,0,,1,2
1006,25,36,80000,0,,1,2
1707,25,2,80000,0,,0,2
1751,,1,80000,0,,0,2
1822,36,9,80000,0,,0,2
1838,24,5,80000,0,,0,2
2261,37,,80000,0,,0,2
2416,30,7,80000,0,,0,2
2420,30,,80000,0,,0,2
2507,24,3,80000,0,,0,2
2882,,60,80000,0,,1,2
2891,36,108,80000,,,0,2
3204,21,,80000,0,,0,2
3216,24,0,80000,,,0,2
3281,,72,80000,,,1,2
3304,23,,80000,0,,1,2
3317,,3,80000,0,,0,3
3353,24,6,80000,0,,0,2
3390,22,5,80000,0,,0,2
3434,,26,80000,1,,1,4
3476,23,4,80000,1,,0,2
3495,27,24,80000,1,,0,2
2924,31,48,75000,3,,1,2
1211,31,,70000,0,,1,2
1223,34,39,70000,,,0,2
2587,35,12,70000,,,1,2
2672,,24,70000,0,,0,1
3141,25,0,70000,1,,1,2
3350,23,2,70000,1,,0,2
3385,29,2,70000,0,,0,2
3446,,,70000,0,,0,2
1952,21,24,65000,0,,0,1
1182,21,12,60000,,,0,2
79,,36,60000,1,,0,2
125,,0,60000,1,,0,2
565,29,,60000,2,,1,2
582,26,,60000,0,,0,2
1206,,,60000,0,,1,2
1219,30,54,60000,0,,0,2
1319,24,24,60000,0,,1,2
1369,24,1,60000,1,,0,2
1378,,2,60000,0,,0,2
1383,28,24,60000,3,,0,2
1384,,24,60000,3,,0,2
1410,23,24,60000,0,,1,2
1683,32,10,60000,0,,0,2
1809,,,60000,0,,0,2
1810,,,60000,1,,0,2
2205,27,,60000,0,,1,2
2675,,,60000,0,,0,2
3052,32,24,60000,0,,1,2
3328,22,1,60000,,,0,2
3380,22,1,60000,0,,0,2
3398,,1,60000,0,,0,2
3428,,24,60000,1,,0,2
3510,27,17,60000,1,,1,2
2102,26,0,50000,1,,0,2
102,24,,50000,0,,1,3
158,29,,50000,,,0,1
223,21,,50000,0,,1,2
429,,24,50000,1,,0,2
827,24,1,50000,0,,1,2
868,,3,50000,0,,0,2
1137,,,50000,2,,1,2
1497,,96,50000,0,,0,2
1545,20,3,50000,1,,0,1
1749,,72,50000,0,,0,2
1764,23,0,50000,,,1,2
1824,34,,50000,0,,0,2
1860,25,12,50000,0,,0,2
2055,23,1,50000,0,,1,2
2319,32,0,50000,,,0,2
2452,32,8,50000,,,0,2
2813,23,1,50000,0,,0,1
2847,,36,50000,2,,1,2
2856,24,,50000,,,1,1
3253,23,26,50000,1,,0,2
3303,,14,50000,0,,1,2
3342,35,24,50000,0,,0,2
3377,,31,50000,0,,1,3
3386,26,1,50000,0,,0,2
3389,22,24,50000,0,,0,2
3393,24,25,50000,0,,1,2
3401,22,1,50000,0,,0,2
3430,,8,50000,0,,1,2
3437,,7,50000,0,,0,2
3471,22,11,50000,0,,0,2
3480,30,10,50000,3,,0,2
757,22,,40000,0,,0,1
669,23,48,30000,1,,1,3
777,23,0,30000,0,,1,2
1760,24,6,30000,0,,0,2
2056,33,48,30000,2,,0,2
2541,36,0,30000,0,,1,2
2907,32,81,30000,1,,1,2
3296,,11,30000,1,,1,2
3300,,4,30000,,,0,2
3326,,1,30000,0,,0,2
3392,22,1,30000,0,,0,2
3406,,12,30000,0,,0,2
3423,,3,30000,0,,1,2
3426,,12,30000,0,,1,1
3481,20,20,30000,3,,0,1
3526,20,,30000,,,0,2
358,,20,25000,0,,0,1
359,23,,25000,0,,1,2
124,22,,20000,0,,0,1
237,,1,20000,0,,1,2
314,,0,20000,0,,0,2
362,,,20000,0,,0,1
458,22,,20000,0,,1,1
645,,,20000,0,,1,1
1112,24,,20000,0,,0,2
1294,,,20000,0,,1,1
1349,23,,20000,0,,1,1
1390,20,16,20000,0,,0,1
1504,,0,20000,0,,1,1
1606,,0,20000,1,,1,1
1693,,,20000,0,,0,1
1730,20,,20000,0,,0,1
1826,22,0,20000,0,,0,1
1957,22,,20000,1,,0,1
1988,23,3,20000,0,,1,2
2023,20,,20000,1,,0,1
2135,25,,20000,0,,0,2
2418,23,0,20000,0,,0,1
2807,25,0,20000,0,,1,1
2906,21,,20000,0,,1,1
3016,,,20000,1,,0,1
3238,20,4,20000,0,,0,1
3295,,,20000,0,,0,1
3305,,8,20000,3,,0,2
3306,,12,20000,1,,1,1
3308,21,,20000,0,,1,1
3314,20,,20000,0,,1,2
3321,22,,20000,0,,0,2
3335,20,,20000,,,0,1
3337,21,,20000,,,0,1
3349,20,3,20000,3,,0,2
3363,20,,20000,0,,0,1
3374,22,12,20000,3,,1,2
3403,23,7,20000,0,,1,2
3407,,5,20000,1,,0,1
3421,,24,20000,1,,1,1
3425,20,,20000,0,,0,1
3429,,10,20000,1,,1,2
3433,,,20000,0,,0,1
3435,,12,20000,0,,1,1
3438,,12,20000,1,,0,1
3444,20,28,20000,3,,0,2
3447,20,15,20000,0,,0,2
3456,20,,20000,,,0,1
3465,,36,20000,0,,1,1
3473,20,14,20000,0,,0,2
3474,21,12,20000,0,,0,2
3475,21,11,20000,0,,0,2
3478,20,34,20000,3,,0,2
3484,20,,20000,1,,0,2
3486,21,12,20000,,,1,2
3499,20,,20000,1,,0,2
3511,21,10,20000,0,,0,2
3517,20,5,20000,0,,0,2
3519,21,,20000,0,,0,1
